https://img.flexifunnels.com/images/5758/a0nte_640_PinehurstMedicalClinic.jpg	public/assets/images/pinehurst-medical-clinic.jpg
https://img.flexifunnels.com/images/5758/a2mtc_1824_RedLakeNationsstudio60Tons.jpg	public/assets/images/red-lake-nationsstudio60-tons.jpg
https://img.flexifunnels.com/images/5758/a4ndi_1366_completion1.png	public/assets/images/completion1.png
https://img.flexifunnels.com/images/5758/c0njq_1844_EastBankFirestation45Tons.jpg	public/assets/images/east-bank-firestation45-tons.jpg
https://img.flexifunnels.com/images/5758/c1mtq_1366_2.png	public/assets/images/2.png
https://img.flexifunnels.com/images/5758/c3ndg_179_image.png	public/assets/images/image.png
https://img.flexifunnels.com/images/5758/e0nta_1200_download.jpg	public/assets/images/download.jpg
https://img.flexifunnels.com/images/5758/e1mdk_1837_SouthLakeHouston80Tons.jpg	public/assets/images/south-lake-houston80-tons.jpg
https://img.flexifunnels.com/images/5758/e2mzc_1836_NamccAddition125Tons.jpg	public/assets/images/namcc-addition125-tons.jpg
https://img.flexifunnels.com/images/5758/e4mde_1834_MaccrayPublicschool250Tons.jpg	public/assets/images/maccray-publicschool250-tons.jpg
https://img.flexifunnels.com/images/5758/e4otc_1366_completion.png	public/assets/images/completion.png
https://img.flexifunnels.com/images/5758/eyndm_1833_GingerCoverails.jpg	public/assets/images/ginger-coverails.jpg
https://img.flexifunnels.com/images/5758/eznti_650_ASCBUILDING.png	public/assets/images/ascbuilding.png
https://img.flexifunnels.com/images/5758/ezodm_1306_MagothyGateway.jpg	public/assets/images/magothy-gateway.jpg
https://img.flexifunnels.com/images/5758/g1ndq_1826_PinehurstMedicalClinic100Tons.jpg	public/assets/images/pinehurst-medical-clinic100-tons.jpg
https://img.flexifunnels.com/images/5758/g2nzq_800_image.png	public/assets/images/image.png
https://img.flexifunnels.com/images/5758/g5mzu_2560_MACCRAYEntryConstructionPhoto.jpg	public/assets/images/maccrayentry-construction-photo.jpg
https://img.flexifunnels.com/images/5758/gwnji_1817_FortPeckWellnesscenter165Tons.jpg	public/assets/images/fort-peck-wellnesscenter165-tons.jpg
https://img.flexifunnels.com/images/5758/gwnji_1834_CaleyelomaLinda280Tons.jpg	public/assets/images/caleyeloma-linda280-tons.jpg
https://img.flexifunnels.com/images/5758/gxntu_593_Stair3.jpg	public/assets/images/stair3.jpg
https://img.flexifunnels.com/images/5758/gynda_1618_Crestmoor.jpg	public/assets/images/crestmoor.jpg
https://img.flexifunnels.com/images/5758/gzmze_1473_SkiLodgePlateStair.jpg	public/assets/images/ski-lodge-plate-stair.jpg
https://img.flexifunnels.com/images/5758/i1mjc_420_RTRPublicschool.jpg	public/assets/images/rtrpublicschool.jpg
https://img.flexifunnels.com/images/5758/i2ndg_1366_5.png	public/assets/images/5.png
https://img.flexifunnels.com/images/5758/ixndg_1366_1.png	public/assets/images/1.png
https://img.flexifunnels.com/images/5758/ixotg_1835_SurgeryCenter28Tons.jpg	public/assets/images/surgery-center28-tons.jpg
https://img.flexifunnels.com/images/5758/izote_179_image.png	public/assets/images/image.png
https://img.flexifunnels.com/images/5758/k1njm_1835_WaupacaFoundryStairRailings.jpg	public/assets/images/waupaca-foundry-stair-railings.jpg
https://img.flexifunnels.com/images/5758/k2ndu_1841_OpportunityBank1725tons.jpg	public/assets/images/opportunity-bank1725tons.jpg
https://img.flexifunnels.com/images/5758/k2nji_1835_CooperWestHighSchool700Tons.jpg	public/assets/images/cooper-west-high-school700-tons.jpg
https://img.flexifunnels.com/images/5758/k5mdq_1786_PublixFoodPharmacyBuilding255Tons.jpg	public/assets/images/publix-food-pharmacy-building255-tons.jpg
https://img.flexifunnels.com/images/5758/kwmjk_1833_BBTMartinsville35Tons.jpg	public/assets/images/bbtmartinsville35-tons.jpg
https://img.flexifunnels.com/images/5758/kwmjy_1054_Tmobile30Ton.jpg	public/assets/images/tmobile30-ton.jpg
https://img.flexifunnels.com/images/5758/kxnte_1625_MaccrayPublicschoolEnrty.jpg	public/assets/images/maccray-publicschool-enrty.jpg
https://img.flexifunnels.com/images/5758/kzmdu_1366_3.png	public/assets/images/3.png
https://img.flexifunnels.com/images/5758/m0nji_1751_SkiLodge140Tons.jpg	public/assets/images/ski-lodge140-tons.jpg
https://img.flexifunnels.com/images/5758/m1nji_1258_image.png	public/assets/images/image.png
https://img.flexifunnels.com/images/5758/m1otm_1200_PinehurstSurgicalCenter.webp	public/assets/images/pinehurst-surgical-center.webp
https://img.flexifunnels.com/images/5758/mwmzg_1837_TinsleyParkEntry.jpg	public/assets/images/tinsley-park-entry.jpg
https://img.flexifunnels.com/images/5758/myotk_1835_CVSPharmacy40Tons.jpg	public/assets/images/cvspharmacy40-tons.jpg
https://img.flexifunnels.com/images/5758/q0nji_1236_NewPrecipitator125Tons.jpg	public/assets/images/new-precipitator125-tons.jpg
https://img.flexifunnels.com/images/5758/q3nzi_2508_image.png	public/assets/images/image.png
https://img.flexifunnels.com/images/5758/q4mdq_426_Sinclairschool.jpg	public/assets/images/sinclairschool.jpg
https://img.flexifunnels.com/images/5758/qzndk_1835_BeckerCounty150Tons.jpg	public/assets/images/becker-county150-tons.jpg
https://img.flexifunnels.com/images/5758/qznje_1734_PublixFoodPharmacyBuilding350Tons.jpg	public/assets/images/publix-food-pharmacy-building350-tons.jpg
https://img.flexifunnels.com/images/5758/u1oti_1740_SinclairNursingschool600Tons.jpg	public/assets/images/sinclair-nursingschool600-tons.jpg
https://img.flexifunnels.com/images/5758/u2mze_1086_Stair2.jpg	public/assets/images/stair2.jpg
https://img.flexifunnels.com/images/5758/u2ndy_1366_3.png	public/assets/images/3.png
https://img.flexifunnels.com/images/5758/u2ntk_960_MagothyGateway2.jpg	public/assets/images/magothy-gateway2.jpg
https://img.flexifunnels.com/images/5758/u4ntg_1200_dQrriRZnIx1920section5.png	public/assets/images/d-qrri-rzn-ix1920section5.png
https://img.flexifunnels.com/images/5758/uymda_694_irontech.jpg	public/assets/logos/irontech.jpg
https://img.flexifunnels.com/images/5758/uynta_671_Shippsladder.jpg	public/assets/images/shippsladder.jpg
https://img.flexifunnels.com/images/5758/uzndu_1839_CooperWestTrusses.jpg	public/assets/images/cooper-west-trusses.jpg
https://img.flexifunnels.com/images/5758/y0mdm_1425_TinsleyParkRails.jpg	public/assets/images/tinsley-park-rails.jpg
https://img.flexifunnels.com/images/5758/y1mji_1366_4.png	public/assets/images/4.png
https://img.flexifunnels.com/images/5758/y4mjq_1829_MagothyGateway18Tons.jpg	public/assets/images/magothy-gateway18-tons.jpg
https://img.flexifunnels.com/images/5758/y4ndy_1366_5.png	public/assets/images/5.png
https://img.flexifunnels.com/images/5758/y4nti_1578_HarrisTeeter180Tons.jpg	public/assets/images/harris-teeter180-tons.jpg
https://img.flexifunnels.com/images/5758/y5nzk_1833_RLNAlternativecareFacility75Tons.jpg	public/assets/images/rlnalternativecare-facility75-tons.jpg
https://img.flexifunnels.com/images/5758/yymzk_442_xQzi0FfCY7442image3.png	public/assets/images/x-qzi0-ff-cy7442image3.png
https://img.flexifunnels.com/images/5758/yznzq_1831_PiccadillyJuban36Tons.jpg	public/assets/images/piccadilly-juban36-tons.jpg
https://img.flexifunnels.com/images/5758/yznzq_60_xqBS1xb9PC60coma.png	public/assets/images/xq-bs1xb9-pc60coma.png
https://assets.flexifunnels.com/images/favicon.ico	public/assets/logos/favicon.ico
https://assets.flexifunnels.com/images/itrans.png	public/assets/logos/itrans.png
